{"accuracy": [0.6560637354850769, 0.8771605491638184, 0.9217582941055298, 0.9481471180915833, 0.9598691463470459, 0.9688029289245605, 0.973668098449707, 0.9774094820022583, 0.9817910194396973, 0.9827725887298584], "loss": [1.1564126014709473, 0.3882578909397125, 0.2368953675031662, 0.1592991054058075, 0.12067762762308121, 0.09333280473947525, 0.0813572034239769, 0.06746423989534378, 0.05664317309856415, 0.05184005945920944], "val_accuracy": [0.8510698676109314, 0.9154336452484131, 0.9024015665054321, 0.9444001913070679, 0.9517413973808289, 0.9555543065071106, 0.9624402523040771, 0.9495788812637329, 0.9694969058036804, 0.9674482345581055], "val_loss": [0.47893384099006653, 0.2657969892024994, 0.303956001996994, 0.16951172053813934, 0.14094054698944092, 0.13657714426517487, 0.11999151110649109, 0.15982629358768463, 0.10698838531970978, 0.11077228933572769]}